canonicalization,k,h,seed,n_params,best_test_ap,best_test_ap_aug16,test_aug_samples
random_augmented,16,128,0,204416,0.19082187942726608,0.19150024566174895,16
random_augmented,16,128,1,204416,0.19255582888286754,0.19395735268580985,16
random_augmented,16,128,2,204416,0.1915388222761584,0.1908798519195701,16
random_augmented,16,16,0,5952,0.0682213460997896,0.06824728026317763,16
random_augmented,16,16,1,5952,0.0695295579610319,0.07002565321753006,16
random_augmented,16,16,2,5952,0.06968071784366796,0.06961334809020707,16
random_augmented,16,512,0,2979968,0.24992435615265915,0.24934952634822022,16
random_augmented,16,512,1,2979968,0.24963307390328524,0.24931821476877508,16
random_augmented,16,512,2,2979968,0.2452502177342801,0.2454898912979217,16
